current_- to +(A),Resi_- to +(ohm),current_+ to -(A),Resi_+ to -(ohm)
-0.03,149.78043089999997,0.03,151.03688669999997
0.03,149.09162099999998,-0.03,146.59054759999998
